{"accuracy": [0.7580500245094299, 0.9234499931335449], "loss": [0.7140040993690491, 0.25009652972221375], "val_accuracy": [0.9430000185966492, 0.9624000191688538], "val_loss": [0.18858277797698975, 0.12280301749706268]}